nombre,apellido,match_result
Michael,Jones,MichaelRobinsonuser47@example.com
Herbert,Davis,RobertDavisuser2@example.com
Christopher,Moore,ChristopherBowenuser42@example.com
April,Gonzalez,AprilGonzalezuser8@example.com
Colton,Collins,ColtonCollinsuser9@example.com
Joseph,Yang,JosephYanguser10@example.com
Michelle,Logan,MichelleLoganuser11@example.com
Mary,Pollard,MaryPollarduser12@example.com
Gail,Harris,GailHarrisuser13@example.com
Lauren,Fletcher,LaurenFletcheruser14@example.com
Alan,Liu,AlanLiuuser15@example.com
Douglas,Williams,DouglasWilliamsuser16@example.com
Daniel,Smith,DanielSmithuser17@example.com
Christopher,Jensen,ChristopherJensenuser18@example.com
Haley,Rodriguez,HaleyRodriguezuser19@example.com
Alexis,Cox,AlexisCoxuser20@example.com
Deborah,Davis,DeborahDavisuser21@example.com
Brenda,Reynolds,BrendaReynoldsuser22@example.com
Paul,Nash,PaulNashuser23@example.com
Steven,Parsons,StevenParsonsuser24@example.com
Adrian,Richards,AdrianRichardsuser25@example.com
Kristin,Hall,KristinHalluser26@example.com
Gerald,Brown,GeraldBrownuser27@example.com
Susan,Freeman,SusanFreemanuser28@example.com
Gary,Thornton,GaryThorntonuser29@example.com
Joyce,Bailey,JoyceBaileyuser30@example.com
Allison,Hill,AllisonHilluser31@example.com
Teresa,Jones,TheresaJohnsonuser140@example.com
Christopher,Lane,ChristopherJensenuser18@example.com
Michael,Wagner,MichaelCochranuser167@example.com
Joseph,Moreno,JosephGordonuser182@example.com
Joseph,Torres,StephanieTorresuser50@example.com
Dustin,Bell,DavidBelluser123@example.com
Richard,Lewis,RichardDrakeuser172@example.com
Daniel,Smith,DanielSmithuser17@example.com
Mary,Glover,MaryBrownuser144@example.com
Allison,Hill,AllisonHilluser31@example.com
Jamie,Miller,JamieMilleruser32@example.com
Kimberly,Johnson,KimberlyJohnsonuser33@example.com
Elizabeth,Smith,ElizabethSmithuser34@example.com
Shelly,Estes,ShellyEstesuser35@example.com
Jacob,Williams,JacobWilliamsuser36@example.com
Roberto,Chang,RobertoChanguser37@example.com
Karen,Smith,KarenSmithuser38@example.com
Anthony,Hernandez,AnthonyHernandezuser39@example.com
Breanna,Watts,BreannaWattsuser40@example.com
Nicholas,Marshall,NicholasMarshalluser41@example.com
Christopher,Bowen,ChristopherBowenuser42@example.com
Nicole,Thompson,NicoleThompsonuser43@example.com
Anna,Russell,AnnaRusselluser44@example.com
Donna,King,DonnaKinguser45@example.com
Denise,Byrd,DeniseByrduser46@example.com
Michael,Robinson,MichaelRobinsonuser47@example.com
Daniel,Harrison,DanielHarrisonuser48@example.com
Jason,Sellers,JasonSellersuser49@example.com
Stephanie,Torres,StephanieTorresuser50@example.com
Kristin,Randall,KristinRandalluser51@example.com
Bradley,Nguyen,BradleyNguyenuser52@example.com
Lance,Rice,LanceRiceuser53@example.com
Paul,Perkins,PaulPerkinsuser54@example.com
Joseph,Mason,JosephHoganuser127@example.com
Tina,Webster,AmandaSteinuser178@example.com
